Min_tot,Poblacion,area_m2,Densidad_ha
26,875,594964.4,14.7
23.08,945,128374.9,73.8
13.47,679,202639.1,33.4
10.93,950,459558.7,20.7
31.97,772,196188.1,39.4
28.43,759,231901.3,32.7
22.27,1179,301808,39
17.23,1198,160746.7,74.4
32.72,1469,272411,54
36.5,1283,321117.4,40
31.42,811,1357218.3,6
36.8,1238,562652.2,22
14.45,1593,216866,147.5
7.22,1959,271232,144.1
18.75,1381,241367.7,114.6
19.75,962,136485.4,70.7
8.43,1081,153011.3,70.7
21.88,1098,209418.3,52.5
14.95,564,227213.7,24.8
23.78,1354,287992.7,47
10.37,829,302704.6,27.4
12.33,1222,146972.6,83.1
6.55,1176,158067.6,74.4
35.85,974,2851970.8,3.4
10.28,1705,280812.9,122
11.7,1213,273560.4,44.3
16.7,1417,210700.8,67.2
23.07,751,90631.9,82.5
37.38,1520,268859.4,56.5
24.3,3259,259269.8,375.8
36.68,2132,261271.1,81.7
27.28,1450,1143151.3,12.7
2.95,982,165753.6,59.2
22.18,1072,148931.4,71.9
9.23,1554,240475.8,64.8
25.9,1497,150554.3,99.1
33.43,1944,232016.2,83.8
30.6,1567,236854.7,66.1
35.9,1302,313157.7,41.6
32.03,1602,391968.7,40.9
31.43,1736,2304803.8,7.5
15.17,1424,114485.4,124.9
22.7,2364,224092.1,213.5
20.83,2893,299758.4,211.8
21.28,1429,194734.3,73.3
22.92,2069,169462.4,261.8
18.17,2953,256919.6,229.9
25.45,1211,136989.1,88.4
36.12,1499,636689,23.5
39.03,1230,211047.7,58.3
50.05,624,144248.6,43.3
36.08,1088,158768.5,68.4
29.72,649,465206,14
41.87,843,1311022.8,6.4
24.67,1289,201698.8,63.8
30.82,2532,235189.9,214.2
36.27,1143,125621.7,90.7
38.45,841,184106.3,45.7
35.9,1524,338285.1,45.1
22.82,895,359953.5,24.9
10.3,1326,924453.2,14.4
42.8,1084,1142470.3,9.5
23.6,387,60489.7,64.5
29,984,154518.3,63.5
43.48,893,562030.2,15.9
26.48,884,154341.8,57.4
25.52,1659,697948.6,23.8
46.33,1439,200125.2,72
49.95,1896,244928.1,77.4
47.42,1507,262846.3,57.3
17.83,1219,382163.6,31.9
36.88,876,529018.5,16.6
24.03,540,5398950.3,1
13.07,1559,155122.2,100.6
2.7,1271,160067.9,79.4
23.18,1554,170467.2,91.4
11.32,1315,183495,71.9
5.87,2047,212189.5,96.6
11.7,980,213123.7,46
8.65,1402,215527.9,64.9
17.92,1639,218937.3,74.8
20.53,982,435264.6,22.6
9.55,1057,4189789,2.5
39.42,1348,1358210.8,9.9
35.67,1212,2397390.3,5.1
9.88,769,297802.7,25.8
21.13,658,770321.1,8.5
30.18,557,1472360,3.8
11.53,2117,278233.9,232.4
5.22,1945,259509.9,153.4
10.63,2133,299995,142.3
6.33,626,181081.3,34.6
3.27,732,181648.7,40.2
15.65,2110,278256.8,142.6
11.45,1625,192094.5,84.6
12.65,1091,211498.9,51.7
5.83,1060,102449.7,103.9
9.33,1535,155889.5,98.4
19.22,1738,176771.1,195.2
15.12,947,100269.2,94.7
27.85,860,141764.1,60.6
30.08,925,235211.2,39.4
34.4,1082,360021.5,30.1
21.67,916,407804.2,22.5
19.78,453,588501.6,7.7
41.53,1145,149899.8,76.3
44.45,1054,725669.3,14.5
42.23,1646,4883009.9,3.4
6.75,2197,244353.9,180.2
8.48,995,154308.1,64.6
8.35,1189,147294,80.9
10.03,1536,216618.2,70.8
9.83,1661,496840.5,33.4
11.6,957,91997,104
10.72,1424,233308.3,61.1
10.52,2362,269233.9,175
12,1354,149763,90.3
2.5,445,244220.1,18.2
15.68,870,121912.5,71.3
32.53,1905,192802.5,98.7
27.6,1312,234726.7,55.8
33.72,1407,1046618.5,13.4
45.22,2235,270675.3,167.5
40.35,1346,171135.8,78.7
38.13,1496,180246.5,83.1
42.27,2230,233385.6,95.7
65.23,776,238722.2,32.5
160,1385,5989022.4,2.3
3.55,827,370708.4,22.3
18.02,774,935215.8,8.3
18.03,962,2832016.6,3.4
19.92,1723,133945.9,273.9
26.3,2781,191371.9,291.1
7.82,665,206248.2,32.3
6.47,1244,411181.5,30.3
22.08,627,601557.6,10.4
17.43,2062,1575922.5,13.1
33.73,1036,2297930.2,4.5
33.03,1010,3378541.6,3
20.8,2626,155132.4,345.8
23,960,99282.2,97
29.58,1272,468145.1,27.2
48.78,650,1452382.9,4.5
43.58,1213,1977564.6,6.1
14.62,726,63512.9,113.4
41.17,1017,1660491.6,6.1
18.85,3155,236459.3,413
17.52,2259,192449.5,233.1
37.67,1927,216211.8,178.2
38.95,2138,234235.3,182.9
12.05,1856,251846.7,73.7
50,1828,255884.7,71.4
43.98,1826,290974.7,62.7
1.88,1994,1312524,15.2
43.28,1423,2966396.9,4.8
19.98,1433,4444153.4,3.2
9.78,655,272780.9,24
30.37,1151,405735.2,28.3
15.67,1629,586995.3,27.8
23.48,1206,240622.2,50
19.65,1219,263638,46.2
28.33,1413,353135.8,40
35.43,1158,414552,27.9
13.02,1298,430300,30.2
3.88,1058,1078492.3,9.8
17.47,1898,286200.8,132.7
30.98,957,206838.9,46.2
28.17,1410,317190,44.5
5.18,1736,400771.1,43.3
9.72,1341,437814.1,30.6
22.2,1190,184783.2,64.3
15.52,1241,185373.9,67.1
15.18,1410,263424.8,53.6
14.17,1942,272094.9,71.4
21.13,1749,292984.6,59.7
11.47,973,372206,26.2
11.65,742,162178.4,45.8
11.65,1265,167463.4,75.7
12.3,1248,181940.1,68.6
1.32,1082,226520.8,47.7
6.77,1406,158346.4,89
6.53,1053,161811.3,65
8.35,1160,192142.3,60.4
16.38,892,202031.3,44.2
4.73,1707,240943.6,70.8
11.57,1698,295255.5,57.6
23.48,1595,357032.5,44.7
19.3,1058,1756963.6,6
7.62,1028,114809.5,89.4
34.7,1420,162405.3,87.7
12.23,946,177106.5,53.4
23.67,1257,182904.8,68.7
14.45,1865,389706.7,47.8
2.52,1109,931068.8,11.9
9.8,829,179223.1,46.3
20.43,825,183407.8,45.1
20.93,1630,288807.4,56.4
31.83,1284,304486.8,42.2
19.13,1469,356934.9,41.1
17.38,1131,432847.3,26.1
23.53,1459,164996.9,88.4
15.22,793,234747.6,33.7
19.1,1994,173620.6,234.7
32.58,3317,255043.3,264
28.9,1565,169195.3,92.6
14.28,1071,190660.1,56.1
24.92,1177,224626.8,52.3
30.3,1122,250302.2,44.9
25.55,1830,268291.2,68.3
34.93,926,335554.9,27.6
21.82,1379,350315,39.4
9.1,878,256091.5,34.3
17.87,749,258496.4,29
5.22,611,284054.5,21.5
15.1,1538,256323.4,124.1
18.03,914,178117.4,51.3
17.73,781,190793.8,40.9
17.43,988,235234.6,42
14.55,1003,264785.7,37.8
5.08,1119,296371.8,37.8
5.58,1323,422908.6,31.3
7.97,762,425998.9,17.9
14.53,1331,443765.2,30
6.63,1112,514860.2,21.6
13.7,878,145245.4,60.6
17.7,1017,555122.7,18.3
14.58,1119,1344502.2,8.3
13.72,962,1351250.5,7.1
11.08,1572,1433811.4,11
34.88,1179,8502314.3,1.4
17.32,967,1591257.8,6.1
12.58,1034,167209.7,61.9
14.3,823,432073.6,19.1
25.38,893,487848.6,18.3
54.82,1219,495440.5,24.6
26.15,560,726989.8,7.7
160,701,1037993.7,6.8
18.88,1097,1404419.6,7.8
52.73,732,2141082.8,3.4
39.5,795,2374072.7,3.3
160,768,3517725.4,2.2
32.5,1845,220578.8,167
35.28,1223,197107.1,62.1
34.88,1457,388030.6,37.6
32.72,1099,1043746.4,10.5
17.42,1181,159726.9,73.8
22.9,1525,251126,60.8
22.4,7,1553360.7,0
5.13,701,210209.7,33.4
8.17,520,215774.1,24.1
9.27,820,251079,32.7
4.37,536,291097.3,18.4
8.02,991,306423.5,32.4
18.95,634,316457.6,20.1
18.18,861,322470,26.7
4.55,762,352814.1,21.6
6.08,874,358634.1,24.3
4.62,601,360976.5,16.6
3.65,1274,386729.8,32.9
11.8,740,390416.2,19
10.5,845,398814.4,21.2
6.47,835,418955.2,19.9
10.78,1777,611722.8,29
20,871,571484.1,15.3
11.67,1238,277026.6,90.4
14.15,1089,286050.4,75.9
15.12,751,142241.6,52.9
15.08,845,158178.2,53.5
11.07,825,179357.2,46.1
13.75,922,182972.2,50.4
8.28,971,189341.4,51.4
10.1,726,245159.3,29.6
18.38,1287,258972.7,49.7
2.98,521,263342.1,19.8
2.03,923,274688,33.6
5.87,1115,390189,28.6
8.78,1312,250090.7,109.9
1.13,902,257009,70.5
14.12,924,164072.7,56.3
5.43,1018,168087.4,60.6
9.67,695,171335.8,40.6
11.82,484,206659.7,23.4
5.57,1040,242566.1,42.8
8.48,1434,231511,124.9
2.23,1039,108313.8,96.2
10.87,742,119098.6,62.4
11.23,1219,289734.4,42
6.82,1290,177725.1,152.7
3,1874,200721.2,187.5
16.08,1591,155766.6,205.4
5.6,2328,278595.1,253.9
14.02,2326,276143.9,260.7
7.17,602,77755.7,77.2
12.45,1213,191078.3,63.5
2.92,2248,254671,264.7
17.87,795,84643.7,93.5
4.03,755,85082,88.8
5.42,664,79099.1,84.1
17.37,2421,243442.2,296.9
11.03,2658,242959.4,334.7
6.25,2358,214156.1,330.5
22.82,957,107744.6,88.6
8.88,1107,108424.4,102.5
12.28,1301,125290.3,104.1
14.48,1864,278773.8,134.7
28.17,1193,164794.5,72.3
9.75,838,182763.3,45.8
14.78,1267,225915.1,56.1
5.72,1276,229200.9,55.7
13.78,1334,230195.5,58
2.73,1199,231520.7,51.7
10.62,997,241931.8,41.2
9.47,731,114480.2,64.1
28.97,1006,153663.2,65.3
20.9,2667,270090.4,198.2
30.05,1263,153949.7,82
18.73,1735,89708.2,192.8
15,1876,212401.5,88.5
18.85,1793,204570.2,176.2
19.7,2182,257314.2,170
9.27,1012,162618.4,62.1
16.4,972,261118,37.2
16.7,1673,208092.7,161.6
9.82,1321,161510.7,81.5
5.73,1122,179530.1,62.3
19.65,1224,702765.9,17.4
12.53,878,91095.5,96.5
17,1933,206528.3,186
17.78,2508,236815,212.3
18.68,1271,119494.5,106.8
16.75,2017,256346.7,173.5
30.38,2159,227552.2,192.5
22.33,1221,117189.9,104.4
22.2,1015,126059.5,80.6
6.3,835,126334.5,66.3
13.1,1419,187684.3,75.5
19.95,1108,224373.3,49.5
30.1,1437,484502.5,29.6
18.23,2238,239863.9,186.3
29.43,1239,147843.5,83.7
23.25,1455,184681.8,78.6
27.05,697,145246.3,48.1
27.9,942,168885.9,55.7
14.13,1303,288897.3,45.1
16.65,2666,278826.1,195.1
13.72,1952,171464.7,228.7
7.7,2143,193816,219.4
8.32,1903,257639.5,147.6
27.7,1416,130894.1,108.1
15.67,1729,150637.1,114.5
18.03,1419,172677,82
21.3,1077,225646.8,47.7
20.48,1662,155846.8,106.5
29.15,1195,215815,55.3
32.47,1204,226415.7,53.3
30.67,1949,278245.3,70.1
8.78,1006,91700.8,109.3
18.4,3022,299750.3,302
7.97,2074,220238.5,186.9
4.18,1349,154616.9,87
6.43,1112,165988,67
20.6,899,78046.8,115.3
10.43,2008,229509.7,173.9
3.42,1039,154699.1,67
15.62,1188,111082.1,107
7.5,1270,166933.7,76
6.68,1151,195261.4,59
5.2,2559,278107.9,276.2
1.57,1542,186777.2,164.5
6.48,795,95933.1,82.8
1.13,2226,297919.6,155.9
7,1036,148089.5,70
11.1,745,154476.2,48.4
13.4,905,156910.4,57.6
7.32,1086,171629.5,63.1
16.82,960,211089,45.5
11.33,1534,188462.2,162.3
8.93,965,104310.8,92.8
3.57,1003,134015.1,74.9
7.52,738,138520.7,53.1
9.52,781,77792,100.1
14.58,1456,166691.7,174.3
9.83,802,107473.3,75
14.07,2629,299777.7,352.1
9.47,1423,161485.1,176.2
14.77,1791,194196.2,180
11.23,1029,172191.4,118.5
13.18,1549,197451.7,157.6
10.4,1045,121283.4,86.4
10.82,639,691197.6,9.2
7.1,819,71916.5,113.8
4.7,993,71380.7,139.9
7.85,693,266842.3,26
8.88,2023,218642.1,181.8
5.75,2187,242085,189.7
11.33,1493,214374.7,69.8
6.07,1826,192932.8,188
24.47,908,109368.7,83.3
1.92,1042,118448.9,88.3
8.88,1248,136232.7,91.8
2.43,817,144692.7,56.3
14.67,3273,148148.4,221.1
1.67,1487,269045.3,111.7
7.85,1417,186647.4,151.4
6.37,1480,205709.4,143.4
8.13,1452,224970,133.1
1.7,1794,218389.3,163.3
6.25,992,126262.4,78.7
9.23,1430,167025.2,170.9
5.25,1178,135718.2,86.6
4.08,1767,206215.3,256.9
4.58,565,73018.6,77.4
5.6,1656,278807.2,181
2.07,2129,206722.7,310.5
10.55,3153,259491.1,377.9
7.42,2814,285432.9,298
4.88,865,80086.1,108.1
10.65,1407,152844.6,92
12.27,1463,121375.4,241.3
9.77,1112,120952,91.9
4.87,2064,273611.9,229
2.52,1598,214070.7,149.3
5.3,723,119320.8,60.8
10.47,1457,184729.1,157.6
9.85,2649,286697.7,275.1
8.55,820,96522.4,84.5
3.22,1997,275928,144.7
7.53,898,139667.8,64.1
7.68,1198,122166.6,98.2
3.27,1912,239217.5,251.6
3.02,2207,297776.1,231.2
3.9,642,75736,84.5
9.48,748,158011.2,47.3
0.72,583,70893.3,82.1
9.3,542,77857.2,69.5
10.02,1659,205113.6,181.7
5.37,712,286395.6,24.9
9.95,397,47942.3,82.7
11.6,655,83620.8,78
1.87,1985,192622,314.3
16.38,1185,206163.8,130
6.78,872,89303.1,98
10.2,2159,227235.4,189.9
12.27,617,73662,83.4
9.15,984,159117.1,61.9
5.8,1473,200312.3,148.3
17.5,1230,169443.9,145.1
5.33,1321,207648.6,126.8
15.45,639,110443.8,58.1
11.87,1417,252631.6,112.4
8.63,888,131533.1,67.3
7.93,1553,296006.3,104.8
9.45,820,172074.2,47.7
4.78,681,184334.7,37
4.6,838,208504.9,40.1
5.82,600,231578.3,25.9
15.08,1179,191687.9,123.5
13.45,456,164007.6,27.8
11.4,1255,272008,91.8
7.2,618,134740.8,45.8
8.87,743,145456.4,51.2
9.33,826,159209.1,51.9
6.35,420,164910.3,25.5
6.2,968,182953.5,52.9
11.97,412,182974.4,22.5
5.93,733,191198.1,38.4
6.87,1058,201802.3,52.4
5.45,547,206116,26.6
7.93,686,209969.5,32.7
1.37,613,230576.8,26.5
14.03,613,232224.4,26.4
10.42,1190,234406.3,50.9
11.5,859,241259,35.6
10.73,1073,296970.3,36.1
2.88,666,312678,21.3
9.03,1176,433528,27.1
5.57,1080,315543.2,34.2
22.28,774,161647.4,47.8
11.75,907,199227.2,45.6
3.05,1084,341085.4,31.8
15.55,1387,311366.6,44.6
2.3,1653,208665.3,79.1
12.05,1618,696184.8,23.2
8.7,2134,179419.6,230.3
3,1202,138567.9,86.5
11,1289,177243.5,72.8
7.3,1495,417938.5,35.8
8.85,1749,249304.3,137.4
5.02,1168,128728.9,90.5
11.17,720,95183,75.8
4.57,1626,458305.1,35.5
8.58,1679,225080.8,148.6
6.53,920,107651,85.2
7.3,826,141372.1,58.6
8.78,1508,633095.3,23.8
12.78,1097,248191.2,44.2
11.32,1626,251851.5,132.9
14.67,1127,161234.2,70
13.05,974,190096.6,51.3
19.73,581,77997,74.5
22.5,1882,288756.8,137.6
12.13,1108,177860.3,62.2
14.45,1071,233341.7,46
18.2,1348,316308.8,42.7
8.87,903,132029.7,68.4
9.02,1891,230226.4,82.2
10.43,1391,515466.9,27
2.73,773,81925.6,94.3
4.65,2275,204829.6,223.4
6.72,1777,159345.7,223.5
2.92,1102,80086.9,137.8
11.6,2175,213070.9,204.3
7.15,978,137878.7,70.9
9.68,1255,176436.1,71.3
8.95,465,211291.4,22
9.8,1026,79847.4,128.2
3.78,1995,185624.1,214.6
8.3,735,187958.9,39.1
7.15,989,107381.9,92.4
3.93,1506,169015.6,270
6.85,1052,89636.1,116.9
10.08,1213,98784.7,242.7
8.5,1423,134508.5,209.6
6.32,1022,125323.6,162
2.58,889,96690.6,91.6
8.22,892,178586.2,49.8
8.27,2389,270639,421.9
10.48,1715,208950.5,253.5
8.73,1109,109758.9,201.5
8.52,1789,210819.6,254.5
7.05,625,91961.8,67.9
7.63,647,227407.4,28.5
5.28,565,82446.1,68.9
11.15,936,173468.7,54.1
0.2,2658,235241.9,841.1
6.18,1711,188595.2,365.5
3.07,737,58429.2,127.1
4.22,601,78865,76.1
4.28,582,87243.7,66.9
8.65,886,126866,140.9
4.18,1145,135239.6,169.7
7.23,1505,282142.9,111.1
2.9,903,312975.9,28.8
6.52,426,72534.9,58.4
3.07,2214,197797.5,350.4
2.07,710,74461.1,95.9
5.02,2044,212501.6,292
2.45,1415,170422,169.1
2.23,2232,281616.6,238.7
3.42,1381,206563,133.2
6.48,711,83644.5,84.6
5.55,1803,218208.5,167.6
12.72,1497,208744.6,146
8.73,1481,159821.9,183.3
13.55,2508,249274.4,302.9
8.37,1899,190206.2,200.3
9.52,896,101556.7,87.8
12.08,2103,283405.7,149.3
8.63,1865,151637.3,271.2
4.98,586,69473.4,84.9
15.05,1360,127624.6,106.2
15.23,1283,584822.6,21.9
9.75,989,89845.9,109.9
11.33,2064,469358.1,44
2.08,1241,127490.3,195.2
5.72,1542,190860.9,241.8
8.1,1347,147151.6,183.2
6.98,1011,104822,96.3
14.12,1376,138674.1,196.8
10.63,731,69676.8,104.4
11.72,706,77236.3,91.7
9.73,544,79491.8,68.9
12.48,908,92687.6,97.6
17.35,1141,112295,101.9
14.38,915,91833.5,99.5
17.97,1156,194611.5,59.3
29.12,1367,1039219.3,13.2
25.07,1577,1541304.2,10.2
10.15,1756,299295.9,246.7
5.88,1756,205043.5,260.2
5.3,1539,204095,227
7.37,1095,154391.8,139.8
9.17,1968,232547.4,257.3
11.2,1100,177723.6,125
11.75,394,80859.9,48.6
7.28,770,86978,88.5
8.73,1564,196967.8,158.1
1.38,4316,210729.7,2062.1
3.25,925,141962.6,169.3
7.3,871,293803.5,102.7
5.92,900,137796.4,136.6
11.58,268,83803.5,31.9
1.3,2052,238415.2,781.3
2.87,2605,154028.6,1259.4
3.12,313,37975.9,82.4
2.75,398,70685.2,56.1
0.98,1012,203053.1,99.6
6.78,2172,182325.6,910
9.72,2237,214912,773.4
1.72,817,143334.4,184.5
2.55,350,74823,46.7
3.9,890,212620,90.8
6.08,2584,188944.1,1304.2
4.92,3332,115884.6,1694.6
3.22,143,39564.4,35.8
4.23,2687,270299.6,614.2
4.65,1508,94580.6,637.3
5.85,353,19633.1,176.5
1.65,1292,118995.9,419.9
9.3,4202,208296.3,1888.8
3.13,581,29424.7,200.3
6.9,520,22989.1,226.1
6.68,942,220609.1,42.6
8.65,1960,214391,276.4
7.87,1196,106724.6,223.7
0.5,1733,165918.1,337.2
9.65,2039,252763.4,249.3
5.85,2698,277277.8,294.2
4.95,1734,215482.3,161.3
3.08,1020,119671.6,85
11.53,834,85477,98.1
30.72,866,97657.2,88.4
27.02,864,116070.6,74.5
25.17,1981,221157.6,178.8
39.83,1105,122752.3,89.8
34.78,3243,281665.8,394.6
26.1,915,108197.2,84.7
32.4,2375,275258.6,172
36.8,1121,210768.9,53.1
34.63,1611,245597.7,65.5
36.82,1849,304160,60.8
26.18,1301,696968.8,18.7
16.37,1749,195717,178.4
12.95,1554,227784.6,137
7.32,802,121699,65.7
25.47,1041,127020.2,82
15.9,1001,176401.3,56.9
10.93,697,78533.9,88.2
24.9,903,116416.7,77.8
31.08,941,196250.5,48
28.97,2588,281728.1,182
27.08,1220,135502,89.7
11.05,635,60860.6,104.1
7.78,1336,221346.3,137.7
8.2,1270,172118.9,149.9
10.27,2243,265689.1,255.4
6.98,1984,197801.3,200.3
7.57,1728,232141.4,151.3
10.88,687,150421,45.8
8.57,1861,154212.4,365.8
5.6,2481,297311.5,249.3
0.98,971,145015,67
11.78,630,55793.2,112.5
3.47,977,121395.2,80.7
6.82,1105,156726.3,70.4
4.42,925,94143.6,98.4
4.08,2438,281913.6,636.3
8.37,528,70362.1,75.4
9.83,1796,260824.4,206
6.2,859,114599.4,74.7
7,2107,262803.6,256.7
8.35,531,80531.2,65.6
1.82,936,101275.2,92.7
1.73,1339,115882.1,115.4
4.6,2354,223420.2,1067.4
3.17,3457,156466.3,1618.7
2.1,3329,151672.2,1550.1
4.9,1838,175505.7,665.8
1.42,2759,187934.1,1244.7
2.2,2218,123904.5,869.5
7.88,258,94167.9,27.4
6.93,438,31649.1,136.9
4.32,2354,173981.7,1195.2
9.13,401,10739,364.5
12.05,1689,110602.3,721.4
8.88,1764,248733.6,239.8
5.17,750,64331.9,117.2
6.43,5214,156638.6,3479.4
6.8,521,38214.5,137.1
3.37,4644,173614.9,2396.5
4.43,1836,60770.7,957.4
5.3,7195,148553.3,3363.8
6.05,1883,253574.6,222.3
7.93,2002,296287.6,206
1.9,1765,261736.5,138.2
9.37,1341,295154.9,93.2
6.17,659,80090.8,82.4
7.02,731,154465.3,47.5
13.45,736,176269.4,41.8
9.57,2252,297679.2,233.2
9.2,1659,242096.4,141.5
11.08,863,102896,83.8
11.8,1809,201302.1,184.2
19.3,752,97588.7,76.7
8,1120,204953.2,54.6
21.78,1850,159389.4,233.2
15.3,2090,219006.5,197.2
19.27,846,109283.2,77.6
10.67,1263,130076.2,97.2
22.4,1436,206649,69.4
21.7,1225,160359.1,76.6
21.4,2238,226807.9,198.3
28.57,2552,253328,200.6
13,2399,277143.9,173.5
17.32,1363,145804.4,93.4
26.93,2074,155338.4,283.5
22.35,2110,152792.4,278.5
33.65,2866,289447.4,198
27.82,1442,129193.4,111.8
29.78,1790,166466.4,107.8
25.42,1306,462411.7,28.3
28.58,1969,538605.8,36.5
27.98,1499,588872.3,25.4
36.53,1416,617104.9,22.9
25.42,885,94940.2,93.2
10.62,1898,234623.8,165
14.97,1890,267300.2,141.8
11.4,1925,210319.4,183.5
29.22,3466,233570.2,293.3
27.83,1873,241940.2,154.3
26.32,1036,127686.8,80.9
5.03,1427,132846.4,107.3
13.73,1128,144974.2,77.8
29.53,1258,222244,56.7
23.95,1468,236337.3,62.2
31.27,1560,374760.6,41.6
4.53,1867,220963.3,169.4
12.23,1737,281817.5,124.8
1.47,1944,262071.8,148
8.8,791,173809.7,45.5
13.98,691,213361.7,32.4
14.98,2384,227970.5,325.3
14.58,1920,226384.5,188.7
20.18,1215,114089.8,106.6
20.4,2803,256685.5,327.8
14.97,1953,247889.2,156.9
22.83,1086,104597.1,103.4
17.92,1453,342287.1,42.5
19.7,1289,197482.5,65.4
8.67,1133,199798.3,121.8
5.83,905,137821.7,65.6
6.32,1106,172528.8,63.9
12.15,1288,188570.5,68.1
10.58,594,108782.8,54.5
11.15,449,115970.9,38.7
0.5,1733,236645.5,146.3
9.58,2429,281784.7,260.2
4.97,1704,236602.8,145.6
9.43,913,134127.5,68.1
6.8,1089,159984.9,68.1
7.35,1249,188281.4,133.9
8.03,1760,251519.4,141.7
12.48,1728,145545,389.5
4.48,1513,178323.7,170.3
4.8,1709,203731.4,168.2
4.65,742,116396.2,64
4.88,1895,249675.4,152.2
3.33,1503,164493.6,186
3.12,826,97236.8,85.2
7.63,1649,163168.9,200.2
3.43,1209,127226.3,95.2
22.5,983,91759.5,106.8
10.15,3241,124424.5,2454
8.57,821,58243.7,308.4
17.33,731,1737121.6,4.2
14.4,703,1892990.7,3.7
6.35,393,91018.7,43.2
7.85,550,147939.6,37.2
3.77,6495,213187.2,3007.8
3.42,457,46346.5,99.3
10.3,5562,201958.3,2811.3
13.65,549,20246.2,274.5
11.5,388,51794.7,74.6
16.12,483,54001.2,89.4
18.82,486,113300.2,43
12.35,1930,196161.7,200.6
16.45,1497,235023.2,129.4
7.35,949,136561.2,69.3
9.63,2280,234273.4,299.8
15.42,1742,188689.5,187.3
14.57,1492,151132.3,209
10.92,616,60931.5,101
15.68,1014,112100.1,90.5
2.65,1123,162444.4,141.1
5.55,802,131280.1,61.2
5.68,1558,150724.8,205.5
4.02,2241,295937.5,229.8
2.58,923,113829.9,81
1.73,743,117280.1,63.5
10.6,705,198329.9,35.6
12.52,956,239183.9,40
3.78,1540,203835.4,150.7
12.3,1393,205834.6,136.3
25.35,911,113482.1,80.6
7.15,1505,234492.6,128.2
9.57,1967,255080.9,154.3
22.98,1282,130081.9,98.6
23.73,2657,299798.5,179.5
24.23,1556,171552.8,90.5
18.97,1256,150535.6,83.2
19.92,1370,163787.4,83.5
16.03,1155,208261.6,55.5
19.43,1813,259142.8,140
26.62,2968,282811.4,323.5
27.67,2780,254107.5,225.3
21.6,2076,260879.1,159
19.87,1080,159233.4,67.9
15.48,1485,169407.9,87.9
33.25,1357,197811.1,68.5
16.3,862,122985.5,70.1
6.93,1032,246507.4,41.8
5.7,772,276075.4,28
8.32,2278,264128.7,259
5.27,936,92871.8,100.6
17.63,1214,177466.6,68.6
18.47,608,189887.7,32
11.83,953,199899.5,47.6
3.18,1445,216938.7,66.6
19.2,1101,181406.4,60.8
10.27,1547,186332.2,83.2
14.8,399,97573.9,40.7
3.75,1845,252160.4,145.9
5.37,1032,132226.1,78.2
9.95,1766,277524.3,127.9
10.05,930,160388.6,58.1
6.02,843,106720.3,78.8
13.15,744,115384.1,64.7
11.92,794,122309.4,65.1
9,1259,166972.6,75.4
23.68,1140,194985.5,58.5
10.03,1109,200862.2,55.2
15.67,916,246276.2,37.2
15.88,1493,237046.5,63
8,583,96340,60.7
9.22,1990,281047.7,147.5
13.65,675,123871.8,54.4
7.68,1117,192602.4,57.9
20.43,906,405975,22.3
15.6,2409,293731.5,248.2
6.77,1994,219713.9,181.5
12.55,737,122519.6,59.9
9.1,973,147111,66.2
21.03,808,93454.6,86.9
17.87,953,100573.7,94.4
17.68,1657,1108502.1,14.9
16.08,1309,247792.4,109.7
7.83,581,105391,55.3
5.35,688,168857.1,40.7
11.92,862,195871.9,44
12.58,672,92720.8,72.3
16.68,1619,243135.6,135.3
12.93,796,78105.7,102.1
5.53,943,241652.5,39
10,672,66804.7,100.3
8.58,2228,259728,175.5
15.72,1225,158646.8,77
3.32,1419,173496.9,82
2.63,460,56884.5,80.7
5.72,1821,269544.6,134.9
1.47,1373,149541,182.2
3.63,1722,190534,180.2
5.68,1529,249178.1,126
10.98,1737,233849.7,148.2
7.35,2149,298582.7,145.2
10.72,1705,233678.3,150
10.1,1853,219561.1,172.1
3,2219,298013.1,148.3
13.9,1134,205216.9,55.3
12.82,938,119457.2,158.8
6.72,1309,211161,126.8
8.98,901,122965.3,73.3
9.88,1284,131578,220.9
3.07,1256,175940.2,140.7
3.23,788,107776.7,73
14.5,1758,267962.1,131.6
6.82,867,133677.7,64.7
10.8,652,63911.6,101.9
16.17,1626,195669.5,168.8
18.33,1547,160777.9,202.1
14.1,913,316940.9,28.8
21.42,2746,254394.5,323.3
11.88,1609,244471.7,133
16.25,1849,221663.6,169.3
14.68,1647,242487.2,145.6
27.87,623,97046,64.2
7.93,1896,267918.1,140
22.42,1233,155504.3,79
21.32,898,174173.6,51.6
13.82,1338,178989.7,74.7
18.42,1431,139982.3,102.2
12.03,1395,152129.7,91.8
15.58,1598,153027.6,104.4
20,1104,172875.9,63.8
29.1,1168,1132517.3,10.3
26.35,1783,226705,156.5
27.33,998,111723.7,89.1
18.52,2107,277988.3,151.7
27.13,1883,225214.2,83.7
25.92,1327,296990.5,44.7
22.4,1647,387812,42.4
49.92,854,935756.3,9.1
27.67,2263,210412.2,216
21.97,1225,175225.5,70
28.18,1112,184674.8,60.1
26.82,1896,197989.4,95.8
28.22,1384,261007.2,106.1
24.25,1067,164578.7,64.7
27.4,921,312282.7,29.5
36.5,740,312365.1,23.7
32.5,1226,619218.8,19.8
23.3,1367,151563.1,89.9
30.97,1445,162471.4,89.2
31.12,1503,173622,86.4
34.07,1679,180198.1,93.3
36.45,1451,187965.7,77.2
30.25,1211,244285.3,49.6
36.88,1331,466989.9,28.5
46.6,977,2451849,4
10.07,1201,542464.1,22.2
2.75,1518,196845.9,157.3
5.9,966,128581.6,74.9
3.43,956,187849.9,50.9
9.37,1835,203892.6,193
12.63,1123,111510.6,100.3
7.02,2344,239929.8,196
18.3,782,146825.8,53.2
7.4,894,162048.6,55.2
3.75,737,177922.6,41.4
13.1,873,237537.1,36.7
7.4,742,98561.9,74.9
9.6,1359,287965.3,47.2
16,1771,2084959.3,8.5
16.07,806,107025.4,75.3
11.47,871,719870.1,12.1
21.02,700,193112.6,36.3
17.53,1209,120593.5,99.9
3.35,1689,168191.6,100.5
8.07,1739,193736.7,89.6
6.75,3500,285280.7,367.9
0.43,2792,217646,256
5.88,3129,240137.2,260.8
9.25,824,130859.9,62.9
3.35,1888,148299.8,127.6
4.2,2035,156920.8,129.6
7.32,762,423763,18
17.57,947,217412.8,43.6
9.45,2479,237574.8,312.4
11.98,1927,198454.5,197.1
7.6,894,77573.4,114.6
14.25,1261,149789.5,84.1
9.9,1799,141262.9,255.1
5.22,2479,286498,184.5
11.67,1584,126432.1,125.7
19.75,1181,180798.1,65.2
4.77,764,112869.2,67.6
9.93,1119,226825.9,49.3
2.98,1283,391366.9,32.8
19.63,1691,171600.8,198.5
10.65,1874,251765.5,148.7
8.67,777,124756,62.2
11.35,1227,149899.4,81.8
22.03,1653,167464.6,99
6.28,1551,172522.6,89.7
5.9,1147,230003.4,49.9
160,862,724656.2,11.9
160,824,894162.4,9.2
50.3,492,1049324,4.7
9.92,914,253156.3,36.1
27,1156,273298.2,42.3
5.5,1319,296716,44.4
12.58,596,326335.9,18.3
12.13,927,394973.7,23.5
30.15,1608,352179.8,45.7
12.47,1513,555481,27.3
10.52,1621,978448.9,16.6
19.25,951,619767.9,15.3
38.77,804,141105.6,57
38.37,197,326071.5,6
36.37,1904,253756.2,188.8
46.78,1836,233081.7,158.9
160,626,99884,62.6
42.17,969,175828.1,55.1
160,1277,263607.3,48.4
160,1522,389202.6,39.1
160,1260,410543.8,30.7
160,1194,442314.4,27
160,720,524616.7,13.7
34.72,1257,137284.5,91.8
34.45,528,223642.9,23.6
20.55,877,223725,39.2
33.77,1471,227298.3,64.8
30.37,967,242144.3,40
11.58,1249,292931.4,42.6
16.55,982,329424.8,29.8
26.02,1607,329926.3,48.7
26.97,957,332199,28.8
4.98,1086,421175.8,25.8
38.4,1206,504039.5,23.9
9.5,849,245108.3,34.7
20.62,765,262354.7,29.2
3.55,601,267578.3,22.4
13.28,780,183843.3,42.4
13.92,642,204105.8,31.5
18.25,746,258508.8,28.8
10.98,671,468296.5,14.3
15.85,573,826867.6,6.9
39.73,370,1833990.5,2
2.37,747,272683.8,27.4
14.37,743,418524.7,17.7
5.43,838,457094.1,18.3
9.93,746,523792.1,14.2
22.47,1217,625597,19.4
34.87,1001,612878.6,16.3
27.53,1343,719927.7,18.7
17.28,788,751787.7,10.5
33.35,1246,1889513,6.6
22.78,1004,412682.2,24.3
24.67,986,470822.4,20.9
32.35,1144,880422.8,13
51.55,727,391343.3,18.6
41.55,802,397239,20.2
29.07,647,525044.6,12.3
160,755,588103.2,12.8
15.28,1105,789093.3,14
12.93,1551,1562333.4,9.9
28.45,1087,383012.7,28.4
160,804,489040.6,16.4
13.38,1649,1322547.1,12.5
2.2,980,224145.3,43.8
12.5,666,280359.5,23.8
1.47,804,285205.4,28.2
18.72,1069,383574.7,27.8
21.65,832,558481.2,14.9
5.05,678,148139,45.8
25.53,1107,321199.6,34.5
9.07,1274,448363.2,28.4
16.45,727,644018.8,11.3
19.68,1470,881147.4,16.7
6.28,877,290564.7,30.1
4.18,886,336903.8,26.3
14.4,1059,433105.3,24.5
23.48,1098,337963.1,32.5
18.15,988,341211,29
15.18,1139,578295.3,19.7
27.45,604,409983.6,14.7
11.48,614,474020.3,13
19.73,610,1035629,5.9
32.15,989,1148650.4,8.6
33.7,803,1747776.3,4.6
29.57,751,227061.2,33.1
10.72,557,270786,20.6
19.47,570,282564.9,20.1
19.1,1090,642346.1,17
17.58,848,773108,11
26.88,952,269720.4,35.3
30.37,800,365145.7,21.9
16.97,896,460132,19.5
5.52,597,53058,112.6
2.25,1519,260052.9,119.6
9.27,660,178696,36.9
10.03,930,298918.6,31.1
11.67,685,138944,49.3
7.35,874,198717.3,43.9
6.55,1345,249964.1,53.8
26.4,1203,670053.2,18
15.25,1266,153015.4,82.7
20.23,918,156980.3,58.5
11.2,799,222185,36
38.52,1117,412224.2,27.1
31.75,730,510571.8,14.3
25.35,987,511039.1,19.3
22.37,859,555982.4,15.4
12.1,1214,635219.6,19.1
35.25,703,672835.3,10.4
38.63,576,549521.4,10.5
24.45,949,2308288,4.1
29.12,537,270294.5,19.9
15.25,721,167443.4,43.2
16.98,1053,182633.1,57.5
14.15,701,214981.8,32.6
24.02,1969,288649.2,206
18.75,709,93192.9,76.2
25.7,1436,168169.7,85.5
22.42,1040,268197.3,38.8
24.45,962,370763.1,25.9
10.55,702,435077.9,16.1
10.73,729,461564,15.8
53.4,183,5380630.4,0.3
27.12,1082,160156.2,67.6
25.07,1291,847568.1,15.2
3.08,742,188488.2,39.5
15.5,2280,251854.1,175.6
13.62,2300,249229,184.7
7.72,749,146698.8,51
2.7,1065,187273.4,57
160,1203,201058.3,59.9
5.42,1242,470828.3,26.4
18.18,895,563445.8,15.9
